{
  "lang":"fr",
  "name":"pipeline",
  "version":"0.0.0",
  "spacy_version":">=3.0.5,<3.1.0",
  "description":"",
  "author":"",
  "email":"",
  "url":"",
  "license":"",
  "spacy_git_version":"53a3b967a",
  "vectors":{
    "width":0,
    "vectors":0,
    "keys":0,
    "name":null
  },
  "labels":{
    "tok2vec":[

    ],
    "ner":[
      "ACTION",
      "INGREDIENT",
      "LOC",
      "MISC",
      "ORG",
      "PER",
      "QUANTITY",
      "UNIT_QUANTITY",
      "USTENSILE"
    ]
  },
  "pipeline":[
    "tok2vec",
    "ner"
  ],
  "components":[
    "tok2vec",
    "ner"
  ],
  "disabled":[

  ],
  "performance":{
    "ents_per_type":{
      "ACTION":{
        "p":0.9886843822,
        "r":0.9316159376,
        "f":0.9593021656
      },
      "USTENSILE":{
        "p":0.9520685256,
        "r":0.9915065243,
        "f":0.9713873974
      },
      "UNIT_QUANTITY":{
        "p":0.9800662451,
        "r":0.9757179687,
        "f":0.9778872732
      },
      "INGREDIENT":{
        "p":0.9777285331,
        "r":0.9934037835,
        "f":0.9855038303
      },
      "QUANTITY":{
        "p":1.0,
        "r":1.0,
        "f":1.0
      },
      "MISC":{
        "p":0.9166666667,
        "r":0.55,
        "f":0.6875
      },
      "LOC":{
        "p":0.0,
        "r":0.0,
        "f":0.0
      },
      "PER":{
        "p":0.0,
        "r":0.0,
        "f":0.0
      },
      "ORG":{
        "p":0.0,
        "r":0.0,
        "f":0.0
      }
    },
    "ents_f":0.9771304715,
    "ents_p":0.9770027599,
    "ents_r":0.9772582165,
    "tok2vec_loss":678.9522621215,
    "ner_loss":3839.596612838
  }
}